Size (Square Meters),Price (Thousand USD)
143.63502971184062,267.22955457709344
287.67857660247904,468.16442131661756
232.99848545285127,403.2997066893366
199.66462104925915,355.60278902672695
89.00466011060914,189.10489464522414
88.99863008405066,194.3057523816222
64.52090304204987,155.12057610856382
266.54403644373383,454.40785545788515
200.2787529358022,349.7164722891169
227.01814444901137,373.91760733835713
55.14612357395061,137.01536755225175
292.4774630404986,490.793071432379
258.11066020010543,439.88177867211186
103.08477766956904,191.85968074615047
95.45624180177515,182.37379729858012
95.85112746335845,204.3082197283667
126.06056073988444,238.6952895712601
181.18910790805947,328.59866883581543
157.98625466052894,287.262565752098
122.80728504951048,234.50848896922318
202.96322368059487,363.8276735806523
84.87346516301045,172.14975046234193
123.03616213380454,235.51545097011666
141.59046082342292,257.76293834808394
164.01749605425897,291.6812818070653
246.2939903482534,416.3492642876937
99.91844553958992,202.09900602572202
178.5586096034029,313.0504281884696
198.1036422155106,359.7130245790011
61.61260317999943,133.4728317478041
201.8862129753596,350.9606030214258
92.63103092182288,184.54923579999257
66.26289824631988,163.86412621301716
287.2213843133333,482.79762423511573
291.40800826863983,497.4304577976461
252.09933702911528,413.2934018133032
126.15344229334268,241.9006660987066
74.41802850159597,170.52335070862833
221.05825662803923,382.41022483481305
160.03812343490034,300.71198890300406
80.5095587111947,165.59145356578833
173.79422752781755,324.7848156935821
58.5971302788046,160.88467665439944
277.3301005196955,462.36676517514667
114.69499540000423,217.58746788599862
215.6305710884955,387.9797014039202
127.92776902235273,257.68737499083625
180.0170052944527,314.79690767014637
186.67756983581992,325.8144865827713
96.21361388138176,191.50257473346758
292.3961569411397,475.1497303013668
243.78320584027864,406.488289295576
284.87473539104724,467.2706954190502
273.70683760691225,452.8822807593271
199.47499470277128,348.86564318028906
280.4685587557792,473.044985459034
72.12312551297987,173.68969319761055
98.9957156047863,188.51003299979152
61.30682222763451,151.80345732621763
131.33258269081608,244.85898559396904
147.1693224223705,270.2593465370314
117.83725794347397,233.504081836877
257.18437728798233,424.54934571635056
139.18833167339733,262.6065949719365
120.23362742184518,232.01496321489833
185.67402078956212,333.4355438244246
85.23105624369066,180.7382708046142
250.54924518850993,450.3768691818739
68.6376609199427,146.57909153740087
296.72173415012935,489.7726316751758
243.06119232416435,408.3603832219989
99.6789203835431,193.9636093837121
51.3805292809006,120.69692264828574
253.86535711370854,442.6882009816383
226.71433596190428,404.276546422755
232.25179201024682,392.6702250778755
242.81758667148642,405.90282427618735
68.5111629335226,157.48089996414794
139.61643213606817,253.90241776129255
78.96726488128243,174.78021549947874
265.7758564688984,450.6930149118606
205.82453170688947,343.57935641036187
132.7245062131623,264.5618113330441
65.88958757150591,166.7931580882141
127.74558042891555,235.49048373852946
131.29583050668674,243.06673016067026
232.40154458451602,401.46097078402306
209.38936783880328,367.4286196580752
271.8031856440816,464.29022119285077
168.05373129048732,322.1826423233945
79.89856148457542,168.07836995192264
228.31119680574875,384.48382276323855
240.19626215422437,396.5012009511913
190.31929939237406,328.1696486891419
242.74179498864024,413.7814227542224
173.4488990910977,328.11892727182436
180.68320734549852,315.8486980278861
156.8852545896374,287.56576140084513
56.3547816860238,134.3679435683082
76.97285674832611,177.34321785696997
57.857296421683564,162.05526889126156
209.1026028159451,358.3452164947144
128.58899526908166,237.98909847844027
177.1426727911757,326.1556179574543
276.89161848152327,472.156342618548
112.32305728721875,236.95165918818847
152.59573075890745,284.7328779916208
238.88778463576216,404.7387560457726
107.19954137290561,216.70586036628154
69.24497745719825,164.95450199162642
122.43786322844201,241.86161665463666
90.30532181350111,190.5307230313246
282.42441308564327,484.3033665243565
252.03009489110423,439.73809824111305
208.35093912760587,376.34799860178407
267.8651475469294,458.2848201962905
250.91801922477862,424.70584803399936
96.64251472150896,196.43090894659667
273.13974962249443,471.77471409882526
184.83556047891267,319.0839840084966
251.86003879101563,431.4767912752525
274.02282498087334,457.1008493480364
129.50086874296596,244.53875134379712
77.51298113191919,179.05399032395178
106.98379063548542,212.38667663342716
156.77694715656406,285.6297862164076
254.50369148062327,418.15697581113574
265.18264581408584,455.236504381401
51.738032632797676,134.06189076060727
177.68682564439143,338.16278569964174
154.35275078719474,278.4513438312621
105.52695261768255,210.4819322031632
79.9663418334207,172.4433495872386
134.403792850907,267.38022207399524
285.72742597812976,477.63818364332514
130.80073300518882,248.9913147654866
179.6976554358415,325.62544825092766
225.75473972379447,390.4982008172553
140.9074005948235,256.89676474672996
292.9455206802402,491.3591809493433
290.6118237355278,496.6540531018894
112.94557395634104,209.15320794040096
174.31212647309636,312.79788645111324
125.21957745419242,230.8281580318969
121.2101235943669,243.76565168079878
59.2217368386332,123.60073621011205
202.39108349497423,347.99740676974545
175.66975580721538,317.2767524614683
62.86968781249734,159.9597720110894
119.66161605915286,228.8349214779994
277.06647149166344,460.04771197056317
109.89047266674311,233.6472796945206
86.22371802280577,164.85543803004623
172.36319006939075,286.5567255378853
296.41261352765014,499.0190647920085
110.51381787787511,210.75018457328656
218.03388685146965,366.83850210589736
240.4049038321794,417.6909202212627
109.4093859980999,216.55208613486184
232.05408715296488,392.4403444220801
141.9457831798133,250.115630783011
208.07645764839486,370.8392597553937
208.38242769022366,369.07565331492214
183.94367101868963,324.92374789024063
72.57244251360208,177.32503373087977
258.82562389730947,427.5375881827027
130.19501624293395,230.03727265515354
96.62962759996356,188.02536070113288
60.19378538869098,139.83481791948148
197.72323579706045,349.0182481888176
219.3910904605706,376.6742751122926
54.14695723196404,134.740989813089
178.02326457482025,304.51950262032597
106.6239437994845,224.37356173995934
211.29319760236245,366.11828461961795
93.59160725124786,201.5603691927531
222.73443452561648,387.5289052522017
146.68383657513436,274.59328705423934
284.1824971841836,481.9714185785974
84.3802360364983,181.0474396549206
135.26658776256463,259.3271092425224
78.36838031014727,180.84409576654522
281.1734045696407,473.7253185514757
269.33483834524526,461.092295093753
114.4854069287889,220.8307534503111
214.99601150854477,386.8951894173119
254.30555005030396,424.69440205486325
188.80020289986558,351.2097086789065
182.41264458900162,323.217387377059
110.46307272511292,201.3868580664889
73.2756919514748,161.19458207632007
274.3039394883317,454.6453926577488
275.10451429083264,471.0632069261362
208.27536431831697,355.8868066844515
134.75744776217516,247.67433731111495
137.3023936531652,237.05818317029252
231.48891971755984,392.710316383849
274.27756498814426,437.1775542159268
271.77160606627933,441.8183808645618
244.96888646440595,425.0574762580519
210.50791153857193,373.6198688943662
71.03499124876221,160.80706249099293
90.40717852365344,175.94100635418803
274.63854713176977,461.4807071362349
201.60726491489748,352.3748719814406
52.29926290415741,116.86524746431068
75.36788571650803,178.08581159243354
215.87544227701395,382.5867863212776
51.265395961554674,124.68845220403536
90.20201285437466,185.57187767150728
187.18344734164654,332.8589990919453
222.97379942317332,364.04335045051704
212.99031487565014,367.01369848826926
106.06732736513995,202.28114856773192
228.04480533688397,382.0510079063768
109.31227187420001,211.15740488244046
131.34992453981693,265.0017520782206
236.62285127950602,411.34270553192914
212.40822476180367,362.90054724487754
262.3058526235445,449.18460674887837
214.40322307508583,385.59838897848874
192.0771508338679,347.36206307992956
73.41869195702311,160.7243416347364
141.92895076485837,256.4240583702319
116.30059192043136,231.43312101678293
110.9974108447709,220.43097012137386
293.2526386881114,498.83089023244446
148.2744311666901,278.76336476685486
273.0116387942783,470.01298534461085
207.78465649931573,356.3246326333679
248.7028258854121,436.22817948446135
175.65927327629802,315.464905961371
194.22597115658976,362.09156546113735
173.12942345471598,302.80225700117825
98.81074694951113,215.57575845591919
230.61302881537634,397.898651057691
120.19309061021394,223.77545587917643
56.07899160786346,129.27962907125197
211.36807397679195,363.8486378832447
94.27766985176223,195.65816424166252
285.1146460882286,482.9003240126979
288.48214425064685,476.98621633658445
278.7160975551121,467.8306004100584
142.5396750638611,285.23221618191025
53.864154132216854,148.0716628993324
282.07964064693135,477.48269766713736
157.04603707932858,285.9490904006749
291.6637047609174,488.69587040855873
290.9049942723132,492.492671135774
263.25236386684,434.650620148276
123.61222301739642,232.84456915186118
146.27443215048132,252.72580748694605
262.78416787921424,448.16848304487416
129.23050128906942,250.31771133063154
92.37318667152311,183.72791538429092
189.20031561458754,349.5403410547816
284.03869354019525,463.8003836802695
224.00744916874325,371.3674249510167
192.51529252234124,341.01745696911155
74.29412344269213,171.91216819015975
203.75180667479245,372.46698692676733
297.51346252606584,491.68135116040935
85.021003809131,188.31831404800946
179.58241309093418,318.9885349413942
269.3432679819889,452.2886289735752
235.1921544385511,411.6248310326934
224.253935248817,392.90413165735964
225.6210209967773,372.66760992532346
139.8727878049388,274.5745852046672
123.39796106612334,248.89785514065954
252.3402888696284,422.2548062893473
252.52834866979518,432.75055833906686
266.7680796450259,455.0924213303663
278.31013813911784,470.0719448669159
177.83559971523445,311.25034803439746
175.37907367179992,306.3523768283194
249.5737947416938,424.10515140262623
212.4909826944413,380.46376423425556
225.49171931442584,393.67358051758305
248.94816735902526,419.71610771767683
272.50133545439155,466.46899028807076
134.49878921288393,223.26275761302514
143.89573815998602,277.33126424370005
73.49548496021725,142.84608965254492
194.57003524904349,338.23064345953395
58.98556844918552,127.28165372751684
166.39950453311502,286.65244204246346
185.66115867689416,340.1000058891264
121.6353130320711,227.77595753498773
197.7083151422527,350.02751153068624
57.62506248476236,135.9683879383517
59.337047187303604,143.7759790531866
255.65014016491457,434.24342915797445
140.04766035281574,247.24156828733788
81.7651281629712,182.61036043892818
180.5608150137011,315.9036566889385
242.4983882746527,398.1817634253816
103.95525687421079,201.65173370165704
205.72261895475006,373.5915263384682
71.33686624844199,165.50751679379792
62.92043029215192,140.89412409414928
182.838657892037,320.7654097948712
185.15878040252662,324.52182009161606
209.35747537455163,384.80369289743584
231.5228334306654,401.10360466831366
293.96301986563367,495.24494627036125
179.07508707529882,328.9154651532666
130.73911823531148,248.49656894323235
248.79654869217592,420.6044015800569
117.70806281551856,224.59859573242807
159.74285517640902,288.89827017047287
69.61409533556649,154.0489206382513
56.33768585386438,141.78282421716636
290.66210366948127,486.5126143622949
258.99503012805144,445.81894596423297
223.9935515234245,385.1831614840509
152.2382361035675,279.1437060585121
93.32358001771144,170.0033631812461
89.10926066777151,192.8271677486821
112.56072454114883,222.30597157070318
187.30666617653011,340.9401003633917
228.6489806750156,364.01091723058653
215.0493441794328,393.45776331695646
119.9834742364857,228.57931507317682
288.7163201657985,494.15630841607293
234.47422917394212,391.3122844896578
188.58851312785018,339.010508742401
202.93018655858805,343.8611242061455
154.90001560694748,276.1123338034632
111.93274737528937,237.03943460160193
138.99316966281538,256.5829304865896
239.46152761609227,411.36662015593566
53.598372157438966,139.098235543046
79.01816012672906,173.48405906981964
61.50066050543819,143.75517980959305
60.182200579742535,143.92291089427604
263.86514600275177,469.8318748565104
225.9144648450059,388.29550929717306
168.5434572718313,304.8261763748966
74.45854016275037,172.19435420420166
172.90396877920807,320.41121249839193
168.36794269514144,314.422217098316
93.30046747750379,196.33800343654752
158.46291230949328,276.26431933693505
149.62618359934336,290.77359072202603
203.96252451305412,344.48033283939435
208.77341271691094,366.1864737277568
61.32600244301113,134.4462451643231
143.6531536566178,264.8383470189968
206.4649789285591,362.98509249587346
175.78406464502194,316.8896691220357
264.1224602970806,450.4028979879737
214.67340790473625,388.1472245476908
90.73360677035743,190.63575317067594
67.64218685010746,149.02171392225472
210.6048195515789,375.54810101025197
56.62782763540545,146.83644634235458
196.44389531836583,332.38976482617886
285.0575603562394,483.5603412328576
193.86854446896973,347.8145441265636
147.0424815516305,267.58808729384583
210.82205461058828,379.9901500489986
164.56322262287915,295.3442780639935
186.40419732898374,330.862060528191
285.3662021941313,476.3185850483583
146.52565945019356,269.944279651105
290.2976409559785,474.48371056501577
276.33766048901595,450.105981907581
98.94778369732411,214.36672617823587
67.34032521879136,142.54087434500377
75.19450034435667,152.87782702197197
54.55545641288743,110.299283483294
73.6107401889821,154.02649280657815
220.7516933540892,367.8966420970588
67.79716211505725,168.11589477394958
129.7439075734403,254.7140322535868
261.2188277423636,434.94673816176817
55.81798393395647,156.2513339543778
253.61712064723395,440.24333584076686
120.46369369334998,227.44722670493874
79.54120690541407,144.3177532093854
224.18429134103766,409.1858627374639
207.235711694971,346.9578428748205
269.36800338176323,437.59801760307596
233.76776095097145,410.87734574655354
250.87023259621213,450.70287295771095
120.50864314282663,244.60569289934512
94.35988594493071,197.17892011791966
237.6536879102146,412.42807528197477
251.708684816816,436.0971828130271
297.62628550016836,504.0287141481202
153.15441922785664,282.54354308147873
143.0045214481958,265.54879321181244
244.1032401854992,415.52892899925354
135.20088506325447,245.26168170621494
282.6893314008912,471.2272463326691
264.60318796075296,429.97521379917555
157.24850684375457,284.8893639976843
237.71776694787434,396.6907393503023
238.6357185211706,396.9176846095982
75.78096720898316,165.4703923250095
275.63822666989165,477.37736286828346
176.3130931119643,323.65280572796956
256.61436652693544,419.2165437541714
130.01240025765293,235.12231902077602
273.8808071240501,470.22892256595725
147.30041968354078,261.1257555899281
52.70941287007459,126.81778780514163
276.3454941048159,470.0187621474693
72.82166919653339,149.54905924616372
129.8284093976037,245.79636915786517
287.51549176270123,467.9329826948698
287.651786734389,475.46400366207143
193.35947203082154,343.2370273876577
207.95930304244982,346.00901722835806
162.11138049457995,297.5718181214739
123.30269292451614,234.75766139750738
132.16613634247898,253.77410405788993
218.1296140192596,379.43356236953605
238.09363235942,420.78185283886853
247.89476093146214,423.09438642367223
247.40453569863848,416.8127481367052
72.80152576217259,160.42526367358172
173.60507617564537,315.840594553832
64.38969000416107,147.07313570949864
187.38222058093388,331.47924778343963
160.38262534334427,283.55402113694885
271.92604568957495,451.2600593588529
137.72875313801967,242.56707698903256
79.26675410690146,186.3958985922216
85.74792051320897,166.18324841590058
240.37765792936807,403.63743491609307
204.55451582906525,349.6477010879059
75.28066903069757,171.87024731549076
71.02670152874936,153.59055551020376
225.24228286478,400.3408450239074
68.19075159104838,145.55122114413388
255.46501482258904,435.98746385612156
226.56055678912406,381.48736465108857
70.33719516047495,176.95728401844627
71.20942852129798,144.93815859165184
296.6598946252939,498.08804904021105
143.5676989390301,271.6893172178661
142.66053676672271,268.12879612459903
253.19989181437563,427.9469611327864
286.81214434596467,478.9200095216127
296.50026595571774,495.1885136533677
238.3445463147354,406.0467994558182
144.06489638272893,275.7361357420425
70.8751791746672,178.4179987779143
244.2867289818592,410.8551756227105
189.60106243395126,320.7035638551361
156.05550231174408,283.2004329841036
276.588596273684,490.67998778706925
77.79937057653784,158.66231018510945
173.15627607271477,326.1255821635129
52.83841119185477,146.03462492854658
167.16516049853158,295.2118583307174
64.07581892045934,151.80355917254175
79.70447906701799,185.84068483181235
79.38156169427623,165.2810651315395
212.30257552901588,366.4180596925002
236.51121981635583,398.9500205850473
195.84219127428992,333.61571960450624
290.5431371186355,479.3219302272932
143.717644880926,253.33706465376642
121.42802157046518,232.48286703829
267.1497820473651,443.0249407604612
105.89895962986316,211.1862985627022
290.80563486015285,470.649495828193
53.038618672454085,132.8667303308257
292.46970667690977,497.03984963145393
60.78997798764403,121.24761055575148
272.78577842451773,462.9192333352523
181.92527727157497,335.1646058320954
298.2411990298251,485.26538835782566
68.44914118384972,169.39943564415162
188.4635711003302,336.88554674415576
292.32563390477475,481.43833229957806
180.7744610425372,320.60400078722876
207.34965953381564,366.6077584259407
223.9371722461543,386.66581228335554
163.6352661919433,300.8404592123787
206.88952002101587,351.1275441007301
196.07857798077507,345.81147521152343
275.28950262274725,448.7971089650711
61.36159508536447,140.93013201455966
120.24079739805758,221.32211968243845
287.6028710191397,474.04900710281186
272.5659459727291,471.209850711198
163.91418819642823,306.784383500585
205.03314945038417,363.64110538464803
119.34529574528317,218.09481597119895
97.03028993094033,192.3813503994625
165.92460123499552,311.0178788522851
138.33805700651322,258.9242546461689
195.91402796271802,367.064337343894
69.4336592412462,158.08366725581305
293.5987019165416,492.3185440397127
296.5526861199007,491.7378645378261
224.54042850493627,388.1460518052272
184.0240915860301,324.5114390152397
127.38190407158194,248.15394287425883
253.44875492673717,439.7401555580516
221.1827931384698,373.9142951026252
90.65423483622283,172.66902271875645
277.73179612346064,448.23564045415793
255.63431073079224,438.5313793653138
287.449978322981,470.14130142273274
231.42987709708999,375.6159097161101
203.35379898394746,358.9164845212308
154.56075907265472,306.77113378331
283.18212083850335,474.7124721423561
266.5159723751021,458.15886630716955
61.30466752654735,142.77529487529668
56.591743624313004,133.89871890455808
144.1158417195124,275.36452740914626
252.63833269545822,426.0547536013008
296.8190323287361,497.90247163382315
87.60422277588205,184.62331222578322
198.53267883803377,341.11811372062016
145.22271415775538,277.7544947319983
292.47859945365076,486.96830161352204
260.52973078392716,433.2371445809623
259.5821761777845,444.73836270238075
167.17328994874256,291.7752551052035
153.7048755844163,280.83912495031575
118.35176798267656,227.43646200757283
64.09387416273178,156.99976690241343
266.1805940637633,454.01787342444453
253.2252522825194,429.58760883632766
299.92941832153264,508.0717904743018
299.15920926847633,512.6408893928876
188.85792640065685,338.8649926645039
242.24685379512763,413.47380689112526
286.19143247060697,466.1687863824088
262.4118476693528,432.9666348732755
111.8370254357994,214.70329111015243
162.63603382752336,287.8589287196923
82.28985378787374,171.56506765195613
288.5127568146806,483.3356344709919
201.54365861272,357.61241546264733
107.16070137586567,210.0360642832076
217.92517110146417,381.7527730904583
204.53206011447395,357.4428343198121
139.54067950821013,239.5563535987765
78.38939804990726,158.19074313667335
217.8932988981999,375.39907279008366
180.07692522594832,308.01844041051146
243.07959793390984,420.6186842008268
180.04087527799834,335.3688212404345
263.04537507963505,456.7556811364258
187.9767096936214,329.83063583113
190.23449288384657,350.2590006942694
269.1634006645862,455.23177556890045
150.87071655309927,272.9352151184686
83.50380711266018,169.1216840335809
57.195669078334745,132.7688067526208
238.78431391840476,404.29470269219485
205.07738783836618,359.3202439813041
226.01994202480589,390.6356528477075
103.24104037722768,204.89202076737564
84.09286889669244,180.50868504250218
53.63616641697048,142.36071237331913
137.64688970164923,265.9658759068871
197.47942171365827,331.3701528859884
148.0610112749331,246.55230556338012
159.36873050593226,298.39629487129116
276.0396736234371,450.3907234510015
137.06386675582507,253.3481461148108
178.4973722899527,306.04492817433544
245.91325318528578,400.8500754021285
149.13569558031753,279.11817065252416
205.52167505696838,365.87406418847905
265.59092718668626,442.6212867727622
287.3801559144105,455.1598109501667
86.76837023225949,174.6901108658644
281.64690629037364,476.38839948958594
173.02907326988455,294.75449421708555
114.56109707473959,223.67524480990096
164.78393905956534,297.0228100976181
295.00814382136923,498.30513072806474
173.1545234982174,310.92758893146765
132.18790257187703,238.551164449
208.35021357918146,374.4910353854171
110.03640469454827,213.4693113115527
68.96583202716599,153.17570264564966
82.2199304776623,163.9972161257615
82.01145973944311,168.58436709724955
87.9756733780736,173.1154829268414
84.70679316235254,175.33072914429457
210.21868620080366,382.4451141026289
95.47002109978621,179.48602022036576
136.4168208309658,238.4896172676813
274.19710247650295,476.0073569896905
168.4904100657181,300.64237832705845
216.8894346302568,368.643424558786
93.07996780040746,200.01899857457195
98.0722547021677,191.0522266558829
60.21715406661971,158.5858282353989
92.23376576804114,195.1299073654544
119.64758475798966,224.59226305552747
94.2526210691867,212.9520137364351
72.1756334392639,152.20630092886248
80.1589677751502,177.65940538281836
165.19469200818145,300.7849638163371
101.58342960144813,215.39255729616016
141.06746526201886,277.21630986029686
175.85431771371424,314.101518061229
222.59870715734132,376.3638820325502
59.828034960274735,144.34177386980326
249.85259972726067,418.00174589336996
206.97509737272694,380.5965185343566
70.43975798721797,157.02499029165435
268.3946560266943,448.93876852692034
280.2181001329533,472.173953258079
65.26948996371594,134.43297205027693
119.21941203680093,219.11297767009486
251.55031994826533,439.3296190018422
237.0649225959146,399.02844110415793
96.13025483909433,183.7262724318221
102.33733083417758,208.87252377653923
142.6180256978455,275.78408009339825
171.13074629775534,313.8856525532837
204.563692882574,366.8060161819192
142.2284098924431,255.77466395297003
165.63367903328697,284.232411882512
236.86773453343915,420.3149383197136
59.170800722649474,135.52940269555285
113.10923608600518,217.1555239644573
228.3373964711381,405.7880361251978
273.80170942179984,466.2648642267063
177.9193605289165,321.4379185141908
183.0283713163289,346.19258042350424
76.79300283494402,158.75432194861457
161.85309170586368,302.0580388396079
183.15431661375578,325.3016061696045
110.61762590868241,218.6123616516562
117.31080773734524,241.2508958701432
144.32104077615566,271.5599187271297
55.01779944443159,137.9096599571437
130.51979139579458,256.5047604667899
102.86200174913617,200.6434753282754
131.87433804447866,239.41941039332792
79.9405329548128,159.46270749200883
272.6318201849738,439.2841643837006
198.39811338851217,368.15924138217144
219.7755797861224,368.6312860219668
247.29280965183457,418.72667824189415
174.6105497322643,309.14769159950725
71.73007202185592,160.66917501087488
184.27663545463693,334.5723253073483
196.71027950521977,353.67015414142713
236.3598685460825,398.70902843343436
157.91488655741983,285.2011126982657
81.89507569889093,175.6684130532194
120.94397644968112,228.9290534126862
140.77057409965877,277.22931690968807
211.4793103329003,372.12871501573295
192.69457616722798,346.3906421113401
139.02418147446156,265.1650848983665
296.62881219824493,506.6779568722206
201.4437048392218,353.97577284586976
109.30669793399862,200.99172742143946
75.44561815510093,167.16530675017782
88.21478479608301,175.80860825620624
111.48943209612703,211.94798132669297
90.17034331488892,191.11915515988431
96.64175601282645,207.34546473357602
121.27379217346177,232.12340402755328
93.34339882368872,193.1034283615227
274.1913561566063,478.3091836812618
70.05843641541055,157.49518641800154
181.12784739256367,347.70860223064943
152.5992067474154,284.5539065774385
295.59465422715164,475.7843537491693
78.00972554201309,174.54800452406494
149.4638997614354,278.0074334909809
292.3676083188422,501.4489400190908
266.37678147349504,456.2969857229421
254.26801773731998,430.0174667661422
114.47570676123496,209.47057777895878
92.72189684751646,186.99261269841443
217.16080498110776,367.23600292956866
282.34399728189646,467.71076142479745
189.19072325348245,339.67186892442976
192.90317236747495,356.0538035947265
119.99477341507104,233.93887542083635
242.37323329798423,401.6010193266245
96.76093713938084,199.58743239127264
130.91980910106093,258.3460285180479
156.3591096541042,278.44083543796245
176.90259467111377,314.0137203399414
110.60243310377007,216.05053160294707
78.70920618480088,160.2148261463789
202.65501061040814,360.4653202540508
122.15763831006394,232.0269759790181
195.30955535565306,347.1596574725499
88.59067881855057,174.01109644980485
170.28502546370436,301.0529551923224
183.14735813789648,331.9448507851224
62.95588420560673,140.7054947874924
134.15106954848017,268.4962428350543
83.60366923474356,171.40914199596935
65.84374261819194,151.01246118480677
297.4900580974863,505.56099546496034
130.58846124368074,231.6990345361908
252.4686114636587,411.0948290756803
113.66016369094096,205.2336823907105
220.3756805559823,393.18936186824527
240.05696497242164,404.566865999708
198.90968515196107,373.9465205846241
167.8940471375396,296.1985947197355
152.9602285368171,281.285855837196
137.21706663574884,271.246699479302
282.38228606195645,493.63435797452587
257.6548519469323,457.0973136867624
291.25672766662814,498.96875380587363
81.07430587138619,181.85208406519394
232.71686880091107,405.00057269337844
284.58511420525946,484.66128206955557
95.30826654141504,187.4505426488372
66.62406684169437,141.75411142831848
235.28016232251477,402.88649890966263
193.61827829497798,338.72557121721763
260.457194189568,436.1535107910792
84.94309415657237,184.3785157094257
248.81682796497256,432.77829403316395
100.40683001193614,201.4943138808227
90.91398571642613,201.1462793851918
91.06644948274823,175.1827830827873
253.64368005784553,428.52892549397114
216.29930517405003,367.280734555047
180.76635619227983,302.48416811768914
139.70762103087563,258.7346246878865
269.3001352032771,452.73272772108277
148.11127685565884,287.3014127159095
254.14985986789426,437.53290664738915
159.7837271425546,279.43372247053986
144.2361073562269,284.89508669768225
165.6699464174016,310.71525658135596
125.34446854103552,243.83767984623944
236.90234504406277,403.0886765775959
175.6800975231198,303.9257539174449
108.05317378670432,208.35769291934596
274.89364331864215,473.2279511750051
145.97280534330287,287.8050710743004
185.88821527849714,344.2647582004676
276.61802774113676,460.0385473938424
206.05949897849803,347.89307413485693
79.22451017709102,170.24562773474855
284.9580309033688,459.7526526994247
206.92701326785448,363.62219704362946
133.72640366427152,249.11357963342058
84.81801816584681,172.56666223008781
248.506297317574,406.81241530369306
205.01818898212838,362.6632845388897
183.36527299408039,319.72090109450147
273.4731457627394,448.51055028700625
247.14930280613268,392.00133207638254
87.91871993318779,181.6029308492753
127.93051694888706,259.61829139002805
112.12228495361643,234.79601957590333
235.98657314316924,399.4088971488912
58.38310868394485,131.55254242229944
192.47242121782912,343.3963743874939
240.61467143517262,400.93815276087605
269.19140919043735,456.8050327838507
135.52043717897686,260.9414585523122
255.31432616800322,445.2408214908479
77.6579342388018,165.48536059340316
261.61307293362955,440.38287189867464
81.8721655829956,164.0284225069278
149.32182264009182,265.7139304197391
249.32384144488842,421.72097324831736
87.47935683719345,184.89269032395194
107.31284880816037,220.10511947457303
230.56314209826658,387.81292364059647
230.00913413651858,409.94058689437304
210.28690822132432,362.7191263215608
223.487111116775,385.0169937316781
185.68111083689905,321.04954946387033
112.94976472673818,195.18224448737786
136.42399837597986,263.4764515275803
95.39942920035642,200.46758277145895
277.11264033340706,462.85568492892844
195.84794869153012,344.44183020954387
150.21285419090998,280.478673463406
165.50145091103317,282.62671779768436
286.82083490295383,474.9407255809678
88.33785077902004,190.44942296474835
196.5574580041993,332.29329277460647
176.4721697211165,317.64383390334103
202.86355885866195,340.7295202417589
54.52754595521013,136.45561875715046
268.03097723603787,451.690051031082
283.0295706209031,458.3930377722995
191.28329589730222,348.57233739052504
224.16270596922305,378.89814318585405
280.6248452943239,462.834743571342
226.80965857834966,392.2201798398339
88.13476072856534,193.68851458713516
194.0720900417033,330.9499168727709
201.67876159571398,353.1349408920507
156.0326678255965,288.33716674170046
234.11105890618072,408.0976444319025
283.59175369225375,477.1520460911529
281.39212822669407,468.41791394920784
162.70984285103305,285.78886207006235
78.30951146018882,168.32570602074696
296.21029974058365,483.5940594910194
259.7245216114835,410.3732775822792
81.16567030081671,176.11410349280175
280.2104706543431,479.35505439237664
267.4740905155321,427.58181141787975
179.70951428151804,309.46696437517767
197.81885893623232,352.9198310144005
149.75067596753257,295.2009686484159
63.69040970550783,145.74355163501585
133.79931041147523,243.41893620492152
250.71336214950287,424.24107881320595
51.15800575115072,140.48577281820792
133.37479292278604,243.60254759293372
149.54217339773584,266.3213400301012
184.3489007344807,321.6959158799007
279.9639041031901,460.412570072198
136.5864985914903,256.10645104718344
136.73830047405693,271.354235295781
234.3753120274371,404.793760772316
163.05448522245177,292.0581928124148
106.1512057349955,206.3086959133378
163.10987903317334,279.0329104627935
85.21425509494996,186.65248041389657
94.09674662655583,190.36674796970573
174.59194318486993,310.0831156413986
154.73136237613699,314.02811924265404
278.711475267025,471.0547419841943
140.59847477915827,253.37980166778556
195.14708756951086,338.4570553922109
208.0660719798826,373.58356506179143
53.27361414708341,131.04312532600275
215.88434300417765,359.4437347230928
94.50899171743785,200.9557769219088
290.2675793673638,478.71992819565577
87.16568193827824,199.4815006695928
153.65603093175594,291.28452705478037
71.33741701966096,152.53290657290395
299.21856296148684,511.6380080595814
175.54875258281066,314.00168397949
198.84625433001094,356.79711824623854
66.76911934710687,155.00100719360503
237.49011759979444,397.771609849783
102.47639827389645,197.27909908767003
274.51357236017844,472.06996671607925
101.28491012050179,198.57961185968725
97.67193016591665,192.471410616455
59.13741696202372,129.15489964954202
168.01673627749983,306.2610950721844
191.2102833156541,357.44067416591264
66.4271598570881,138.96541064308943
243.88190417375264,416.0650508273565
163.3222086870069,309.1055185846646
181.09756733189502,320.8499370853854
160.19068673455703,294.8097480643329
150.1907652188315,264.6622125467785
189.91008282705448,339.1481952126582
88.81006148267812,181.3436495739717
95.48203262381779,203.08034889252534
265.44640525337934,460.0434683957165
286.5288655334082,505.6889347202984
143.32732906993823,270.7873253370431
117.68616828588844,229.78721559465433
210.99988580975395,368.4436717304043
152.18354277452408,274.7436512336792
56.346588915086215,137.90472180724623
89.03814934154758,180.60320991093107
228.9930572118494,395.1741955804702
214.73098547753784,385.2724535723863
56.773998125870875,125.09557153600988
105.49304048323737,219.6383463361465
107.76869914701786,224.82419939392543
217.9731858996821,375.7790935796124
54.92763443859104,111.1729026678006
76.02714549614346,157.96249837327085
249.97902134329735,437.93847748055714
94.6361655135834,191.72556764738627
213.18652696296868,359.78676812150394
109.54569526168163,209.27079368024025
74.86034818983629,170.69672254979997
110.79304774986352,221.65690730680907
230.5667329639148,393.4607784541752
263.9241170265714,442.21793142171026
257.5549661417479,432.41486772218366
149.2958824046137,264.7197217619355
217.02128414266153,391.6856831086867
101.24607385395524,198.64590608881946
123.28693256525331,247.1019840561349
274.08395463027995,476.33909246464447
53.25048087768401,139.85883029800564
71.37713271361702,152.74949594324505
101.97156378650683,206.99464658312633
56.63305096845493,134.70762038877322
95.35885877244934,184.0012695513727
195.76039024242306,346.8841781808506
155.3561376481245,271.24380856058866
273.1679277692437,471.62868553848125
254.3608904346102,426.89516267893146
135.45433792446897,255.19310344543186
114.85585835782312,225.1166662521961
144.92310204181672,264.79560332568434
197.57373562870194,352.22754145780567
117.01591020571907,220.77482874235335
206.0372269622835,367.76881341799776
152.3529130478101,265.06957276924766
188.01179521299505,333.28148861495674
159.03163228382917,307.9367384163266
123.61643988547942,225.42134658216338
287.11332674053915,473.8925404055602
240.90144853994022,416.49125130649946
85.02829394161313,179.33825873181567
267.1169939744782,454.1817919544529
171.8577995623784,312.6785706450442
273.6380567235228,466.804299770902
249.9638139868288,436.04271939980543
156.30337611730835,288.5532507452476
55.61732708002935,131.0134140738586
117.16933984623653,232.47974678138212
185.40855366521674,347.11164984677725
208.36955495653683,361.2279949709795
114.47192135830058,211.96258899074448
84.83901851820603,188.3293344701788
258.7325591998248,436.89502716020115
296.10054517588804,472.4241223036917
181.42254557567145,330.6080351350114
92.91982146207587,184.0264503335746
118.07683162984223,226.20991462172174
54.597669136866685,135.2163070109902
278.5747016401248,469.7670492579779
79.43777072253528,176.25117425519332
194.1291188785634,336.8388146121466
118.5138051718015,232.90176573946306
188.54450062894836,330.2212841675834
212.85509708796604,376.67075044082407
257.4354509268004,442.3068512303312
101.6053179401508,193.05358988978023
52.74895716462012,139.98325690868052
84.22140751720181,170.97247682466224
275.00466046202627,470.58756867585083
268.4725193906288,456.38165221995655
199.35327554257708,367.4117500818168
200.12921510841335,347.95916283890153
216.25916863656386,370.8955849936638
93.8428196558624,190.57003342491626
278.60298648123995,464.87268189351715
154.69263122301828,290.03836585394794
145.78463206237438,252.51384200919568
179.7294263207094,309.0573152896006
61.74149169376376,131.9342083248537
91.57084218901986,196.85933920326556
234.50840410659262,418.8687398857081
70.69966698128161,155.00500828654768
200.78802736659705,349.4938238179955
111.33727742033024,217.70643776162717
147.32390351049412,282.6046382918231
122.17343419267496,223.9866199471067
138.9181791162373,260.7609585017038
229.76147629606137,404.39419074191636
124.28042890579376,241.43158505808907
191.6011600742243,339.2975562773239
169.0126005497749,313.52936175033375
215.91779134066203,346.84436408100066
284.2074348311895,483.08990544209337
233.14302430256257,393.1737796225696
103.73509464768918,187.29631300296919
57.79578376532117,141.80570164323154
115.56601107495626,237.08560206406398
198.7694826750637,346.7797388663186
62.856453371062585,153.81342552862324
174.09156180030908,327.26012528035005
199.2107122292223,361.9652128796739
133.5609727042402,266.74110435007424
242.72805093645547,421.51335131540213
76.64956328344294,165.72868131418033
68.78444543395219,137.1570100319566
232.04718905090084,395.6101586950517
173.87282905154962,302.3767776241625
222.100599106934,404.8603258353791
158.70683465093657,286.3013938520815
111.6005083097767,218.6328105325099
254.77557941854994,437.6782228882296
249.8539697422448,425.2169790770917
223.67411771360668,402.4616869747175
118.03628430749067,220.82793284389146
197.5576667172718,348.28257462828014
140.24347423500672,252.9405054955296
72.89551833165854,146.14305238528073
279.32839386556066,462.87489988928814
84.20465772974035,175.9366186241264
287.55933845520065,477.0459854376284
161.50144323948894,285.3279550604949
